country,2000,2001,2002,2003,2004,2005,2006,2007,2008,2009,2010,2011,2012,2013,2014,2015,2016,2017,2018,2019,2020,2021,2022,2023,2024,2025,2026,2027,2028,2029,2030,2031,2032,2033,2034,2035
Afghanistan,20779953,21606988,22600770,23680871,24726684,25654277,26433049,27100536,27722276,28394813,29185507,30117413,31161376,32269589,33370794,34413603,35383128,36296400,37172386,38041754,38928000,39835000,40754000,41681000,42609000,43532000,44449000,45364000,46275000,47185000,48094000,49000000,49904000,50804000,51699000,52587000
Albania,3089027,3060173,3051010,3039616,3026939,3011487,2992547,2970017,2947314,2927519,2913021,2905195,2900401,2895092,2889104,2880703,2876101,2873457,2866376,2854191,2850000,2844000,2837000,2828000,2820000,2811000,2802000,2792000,2782000,2771000,2761000,2749000,2737000,2723000,2709000,2694000
Algeria,31042235,31451514,31855109,32264157,32692163,33149724,33641002,34166972,34730608,35333881,35977455,36661444,37383887,38140132,38923687,39728025,40551404,41389198,42228429,43053054,43851000,44617000,45350000,46053000,46731000,47388000,48022000,48634000,49226000,49801000,50361000,50908000,51444000,51971000,52494000,53016000
American Samoa,57821,58494,59080,59504,59681,59562,59107,58365,57492,56683,56079,55759,55667,55713,55791,55812,55741,55620,55465,55312,55000,55000,55000,55000,55000,55000,55000,55000,55000,55000,55000,55000,55000,55000,55000,55000
Andorra,65390,67341,70049,73182,76244,78867,80993,82684,83862,84463,84449,83747,82427,80774,79213,78011,77297,77001,77006,77142,77000,77000,77000,78000,78000,78000,78000,78000,78000,78000,78000,78000,78000,78000,78000,78000
Angola,16395473,16945753,17519417,18121479,18758145,19433602,20149901,20905363,21695634,22514281,23356246,24220661,25107931,26015780,26941779,27884381,28842484,29816748,30809762,31825295,32866000,33934000,35027000,36149000,37299000,38478000,39688000,40929000,42200000,43502000,44835000,46198000,47593000,49017000,50471000,51953000
Antigua and Barbuda,76016,77212,78295,79300,80336,81465,82704,84026,85397,86746,88028,89253,90409,91516,92562,93566,94527,95426,96286,97118,98000,99000,100000,100000,101000,102000,102000,103000,104000,104000,105000,105000,106000,106000,107000,107000
Arab World,282344154,288432163,294665185,301113849,307862843,314965793,322452754,330290716,338395961,346629220,354890042,363158703,371443547,379705717,387907747,396028278,404024435,411898967,419790591,427870270,436078000,444512000,453124000,461818000,470455000,478940000,487235000,495371000,503372000,511281000,519136000,526934000,534669000,542362000,550043000,557731000
Argentina,36870787,37275652,37681749,38087868,38491972,38892931,39289878,39684295,40080160,40482788,40788453,41261490,41733271,42202935,42669500,43131966,43590368,44044811,44494502,44938712,45350000,45758000,46161000,46560000,46953000,47341000,47723000,48099000,48470000,48834000,49191000,49542000,49886000,50223000,50554000,50878000
Armenia,3069591,3050687,3033978,3017932,3000720,2981269,2958307,2932618,2907618,2888092,2877319,2876538,2884229,2897584,2912403,2925553,2936146,2944809,2951776,2957731,2963000,2968000,2972000,2975000,2977000,2977000,2977000,2976000,2974000,2971000,2967000,2963000,2958000,2952000,2947000,2940000
Aruba,90853,92898,94992,97017,98737,100031,100834,101222,101358,101455,101669,102046,102560,103159,103774,104341,104872,105366,105845,106314,107000,107000,108000,108000,108000,109000,109000,109000,110000,110000,110000,110000,111000,111000,111000,111000
Australia,19153000,19413000,19651400,19895400,20127400,20394800,20697900,20827600,21249200,21691700,22031750,22340024,22733465,23128129,23475686,23815995,24190907,24601860,24982688,25364307,25651000,25932000,26207000,26477000,26743000,27006000,27265000,27521000,27773000,28022000,28267000,28509000,28748000,28984000,29217000,29447000
Austria,8011566,8042293,8081957,8121423,8171966,8227829,8268641,8295487,8321496,8343323,8363404,8391643,8429991,8479823,8546356,8642699,8736668,8797566,8840521,8877067,8912000,8934000,8947000,8955000,8962000,8973000,8985000,8998000,9012000,9025000,9035000,9044000,9052000,9058000,9062000,9065000
Azerbaijan,8048600,8111200,8171950,8234100,8306500,8391850,8484550,8581300,8763400,8947243,9054332,9173082,9295784,9416801,9535079,9649341,9757812,9854033,9939771,10023318,10112000,10195000,10270000,10340000,10404000,10464000,10520000,10572000,10620000,10665000,10708000,10749000,10787000,10824000,10858000,10891000
"Bahamas, The",298051,302618,307660,313129,318894,324859,331033,337389,343681,349604,354942,359577,363584,367168,370633,374206,377931,381761,385640,389482,393000,397000,401000,404000,408000,411000,414000,418000,421000,424000,427000,430000,432000,435000,438000,440000
Bahrain,664611,697545,735146,778708,829844,889164,958418,1035919,1114641,1185076,1240860,1278151,1299943,1315029,1336075,1371851,1425791,1494074,1569439,1641172,1702000,1748000,1784000,1812000,1838000,1865000,1895000,1926000,1957000,1986000,2013000,2038000,2060000,2081000,2100000,2119000
Bangladesh,127657854,130088702,132478086,134791603,136986432,139035505,140921167,142660376,144304167,145924797,147575430,149273778,151007807,152764676,154520167,156256276,157970840,159670593,161356039,163046161,164689000,166303000,167886000,169432000,170937000,172399000,173814000,175180000,176498000,177769000,178994000,180171000,181300000,182377000,183403000,184374000
Barbados,271515,272500,273425,274329,275284,276323,277477,278700,279946,281104,282131,282987,283700,284296,284825,285324,285796,286233,286641,287025,287000,288000,288000,288000,289000,289000,289000,289000,289000,289000,289000,289000,289000,289000,289000,289000
Belarus,9979610,9928549,9865548,9796749,9730146,9663915,9604924,9560953,9527985,9506765,9490583,9473172,9464495,9465997,9474511,9489616,9501534,9498264,9483499,9466856,9459000,9449000,9436000,9420000,9404000,9386000,9367000,9347000,9324000,9299000,9271000,9240000,9207000,9172000,9134000,9096000
Belgium,10251250,10286570,10332785,10376133,10421137,10478617,10547958,10625700,10709973,10796493,10895586,11038264,11106932,11159407,11209057,11274196,11331422,11375158,11427054,11484055,11525000,11560000,11592000,11622000,11650000,11680000,11709000,11738000,11765000,11791000,11815000,11838000,11858000,11878000,11896000,11914000
Belize,247315,255063,262378,269425,276504,283800,291329,299025,306823,314655,322464,330237,338000,345715,353366,360933,368400,375769,383071,390353,398000,405000,412000,419000,427000,434000,441000,448000,454000,461000,468000,474000,480000,487000,493000,499000
Benin,6865951,7076733,7295394,7520555,7750004,7982225,8216897,8454793,8696921,8944708,9199259,9460830,9729248,10004588,10286842,10575952,10872067,11175204,11485048,11801151,12123000,12451000,12785000,13124000,13470000,13822000,14180000,14544000,14915000,15291000,15672000,16060000,16453000,16851000,17254000,17663000
Bermuda,61833,62504,62912,63325,63740,64154,64523,64888,65273,65636,65124,64564,64798,65001,65138,65237,64554,63873,63920,63918,..,..,..,..,..,..,..,..,..,..,..,..,..,..,..,..
Bhutan,591021,603640,616018,627839,638815,648739,657410,664876,671613,678323,685503,693298,701583,710238,719056,727876,736709,745568,754394,763092,772000,780000,788000,796000,803000,811000,818000,824000,831000,837000,843000,848000,853000,858000,863000,867000
Bolivia,8418264,8580235,8742814,8905823,9069039,9232306,9395446,9558439,9721454,9884781,10048590,10212954,10377676,10542376,10706517,10869730,11031813,11192854,11353142,11513100,11673000,11833000,11993000,12152000,12311000,12468000,12625000,12781000,12936000,13089000,13240000,13390000,13538000,13684000,13828000,13971000
Bosnia and Herzegovina,3751176,3755512,3759387,3762173,3764194,3765331,3765424,3762786,3754271,3735938,3705472,3661175,3604972,3542605,3482104,3429361,3386267,3351527,3323929,3301000,3281000,3263000,3249000,3237000,3225000,3212000,3197000,3181000,3163000,3145000,3127000,3108000,3089000,3070000,3050000,3030000
Botswana,1643334,1674678,1704642,1734398,1765527,1799078,1835908,1875459,1915639,1953498,1987105,2015402,2039551,2062536,2088614,2120716,2159944,2205128,2254126,2303697,2352000,2397000,2441000,2484000,2526000,2568000,2610000,2651000,2693000,2734000,2774000,2815000,2855000,2895000,2935000,2975000
Brazil,174790340,177196054,179537520,181809246,184006481,186127103,188167356,190130443,192030362,193886508,195713635,197514534,199287296,201035903,202763735,204471769,206163058,207833831,209469333,211049527,212559000,213993000,215354000,216642000,217863000,219021000,220115000,221143000,222107000,223009000,223852000,224636000,225362000,226029000,226636000,227184000
British Virgin Islands,20311,20675,21129,21672,22334,23107,24023,25047,26097,27039,27794,28319,28650,28847,28989,29152,29355,29577,29802,30030,30000,30000,31000,31000,31000,31000,31000,31000,32000,32000,32000,32000,32000,32000,32000,32000
Brunei Darussalam,333165,340034,346782,353293,359433,365114,370263,374965,379421,383906,388646,393688,398989,404421,409769,414907,419800,424473,428962,433285,437000,442000,445000,449000,453000,456000,459000,463000,466000,468000,471000,473000,476000,478000,480000,482000
Bulgaria,8170172,8009142,7837161,7775327,7716860,7658972,7601022,7545338,7492561,7444443,7395599,7348328,7305888,7265115,7223938,7177991,7127822,7075947,7025037,6975761,6923000,6871000,6819000,6767000,6714000,6660000,6605000,6549000,6493000,6437000,6380000,6323000,6267000,6211000,6155000,6100000
Burkina Faso,11607942,11944587,12293100,12654621,13030569,13421930,13829176,14252021,14689725,15141098,15605217,16081911,16571246,17072775,17586017,18110624,18646378,19193284,19751535,20321378,20903000,21497000,22103000,22721000,23352000,23995000,24652000,25321000,26003000,26698000,27404000,28122000,28852000,29593000,30344000,31106000
Burundi,6378871,6525545,6704113,6909154,7131693,7364862,7607849,7862214,8126102,8397668,8675602,8958406,9245988,9540289,9844297,10160030,10487998,10827024,11175378,11530580,11891000,12255000,12625000,12999000,13379000,13764000,14155000,14551000,14952000,15360000,15773000,16192000,16618000,17049000,17487000,17932000
Cabo Verde,428188,435709,442951,449930,456617,463032,469170,475060,480842,486671,492654,498856,505235,511748,518269,524743,531146,537497,543767,549935,556000,562000,568000,573000,579000,584000,590000,595000,600000,605000,610000,615000,620000,624000,629000,633000
Cambodia,12155239,12405408,12637727,12856163,13066469,13273354,13477709,13679962,13883834,14093604,14312212,14541423,14780454,15026332,15274503,15521436,15766293,16009414,16249798,16486542,16719000,16946000,17169000,17386000,17598000,17806000,18009000,18207000,18402000,18593000,18781000,18967000,19150000,19331000,19509000,19686000
Cameroon,15513945,15928910,16357602,16800865,17259322,17733410,18223674,18730282,19252666,19789919,20341241,20906388,21485266,22077298,22681858,23298368,23926539,24566045,25216237,25876380,26546000,27224000,27912000,28608000,29315000,30032000,30759000,31497000,32244000,33001000,33766000,34540000,35323000,36115000,36915000,37722000
Canada,30685730,31020902,31360079,31644028,31940655,32243753,32571174,32889025,33247118,33628895,34004889,34339328,34714222,35082954,35437435,35702908,36109487,36543321,37057765,37589262,37912000,38231000,38546000,38858000,39166000,39471000,39772000,40068000,40358000,40643000,40922000,41197000,41465000,41727000,41981000,42228000
Caribbean small states,6513489,6559094,6604961,6650970,6696953,6742709,6788114,6833384,6878970,6925454,6973196,7022380,7072661,7123333,7173442,7222206,7269385,7314986,7358958,7401383,7443000,7481000,7520000,7555000,7589000,7622000,7651000,7679000,7703000,7728000,7751000,7769000,7787000,7803000,7817000,7828000
Cayman Islands,42303,43935,45351,46632,47902,49261,50740,52280,53836,55322,56672,57878,58958,59932,60848,61724,62569,63382,64174,64948,66000,66000,67000,68000,69000,70000,70000,71000,72000,73000,73000,74000,75000,75000,76000,77000
Central African Republic,3640427,3722018,3802128,3881181,3959875,4038382,4118069,4198010,4273366,4337625,4386768,4418636,4436415,4447942,4464175,4493170,4537687,4596028,4666377,4745185,4830000,4920000,5017000,5119000,5227000,5338000,5454000,5572000,5694000,5817000,5942000,6068000,6195000,6323000,6450000,6577000
Central Europe and the Baltics,108447824,107660041,106959751,106624167,106331716,106041911,105772481,105378748,105001883,104800475,104421447,104174038,103935318,103713726,103496179,103257886,102994278,102738653,102537026,102378579,102066000,101772000,101480000,101187000,100878000,100549000,100198000,99825000,99431000,99015000,98580000,98125000,97659000,97174000,96677000,96173000
Chad,8355654,8678051,9019233,9373916,9734767,10096633,10457124,10818024,11183588,11560147,11952136,12360989,12784750,13220424,13663559,14110975,14561666,15016773,15477751,15946876,16426000,16915000,17414000,17921000,18437000,18961000,19491000,20030000,20576000,21129000,21690000,22259000,22834000,23415000,24003000,24597000
Channel Islands,148443,149097,149596,150068,150716,151678,153008,154636,156433,158178,159734,160998,162056,163038,164100,165385,166923,168665,170499,172259,174000,175000,176000,178000,179000,180000,181000,182000,183000,184000,185000,186000,187000,188000,189000,190000
Chile,15342353,15516113,15684409,15849652,16014971,16182721,16354504,16530195,16708258,16886186,17062536,17233576,17400347,17571507,17758959,17969353,18209068,18470439,18729160,18952038,19116000,19212000,19250000,19249000,19239000,19241000,19260000,19293000,19338000,19394000,19458000,19533000,19618000,19710000,19798000,19879000
China,1262645000,1271850000,1280400000,1288400000,1296075000,1303720000,1311020000,1317885000,1324655000,1331260000,1337705000,1344130000,1350695000,1357380000,1364270000,1371220000,1378665000,1386395000,1392730000,1397715000,1402667000,1407121000,1411033000,1414411000,1417282000,1419677000,1421624000,1423147000,1424258000,1424957000,1425238000,1425092000,1424518000,1423531000,1422164000,1420455000
Colombia,39629965,40255956,40875363,41483872,42075953,42647731,43200901,43737512,44254972,44750054,45222699,45662747,46075721,46495492,46967706,47520667,48175048,48909844,49661056,50339443,50883000,51266000,51513000,51673000,51820000,52007000,52249000,52530000,52835000,53136000,53417000,53674000,53914000,54139000,54350000,54549000
Comoros,542357,555888,569479,583211,597228,611627,626425,641620,657229,673252,689692,706569,723871,741505,759390,777424,795592,813892,832322,850886,870000,888000,907000,927000,946000,965000,984000,1004000,1024000,1043000,1063000,1083000,1103000,1123000,1143000,1164000
Democratic Republic of the Congo,47105826,48428545,49871666,51425580,53068880,54785903,56578037,58453683,60411195,62448574,64563854,66755153,69020747,71358807,73767447,76244544,78789127,81398764,84068091,86790567,89561000,92378000,95241000,98152000,101115000,104134000,107206000,110332000,113514000,116751000,120047000,123400000,126808000,130270000,133780000,137337000
Congo,3127411,3217933,3310387,3406922,3510468,3622775,3745141,3876119,4011486,4145391,4273731,4394844,4510198,4622761,4736974,4856095,4980999,5110702,5244363,5380508,5518000,5657000,5798000,5941000,6086000,6235000,6386000,6540000,6697000,6857000,7020000,7185000,7353000,7523000,7696000,7871000
Costa Rica,3962372,4034074,4100925,4164053,4225155,4285502,4345412,4404628,4463125,4520740,4577378,4633086,4688000,4742107,4795396,4847804,4899345,4949954,4999441,5047561,5094000,5139000,5182000,5224000,5264000,5302000,5339000,5373000,5406000,5438000,5468000,5497000,5524000,5550000,5575000,5598000
Cote d'Ivoire,16454668,16853026,17231539,17599610,17970494,18354514,18754916,19171237,19605569,20059147,20532950,21028655,21547188,22087505,22647683,23226143,23822714,24437469,25069229,25716544,26378000,27054000,27742000,28444000,29160000,29888000,30630000,31384000,32150000,32926000,33713000,34508000,35313000,36127000,36950000,37783000
Croatia,4468302,4299642,4302174,4303399,4304600,4310145,4311159,4310217,4309705,4305181,4295427,4280622,4267558,4255689,4238389,4203604,4174349,4124531,4087843,4067500,4043000,4021000,3999000,3978000,3957000,3936000,3914000,3891000,3868000,3845000,3822000,3798000,3773000,3748000,3723000,3697000
Cuba,11126430,11164667,11199651,11229183,11250365,11261582,11261248,11251122,11236971,11226709,11225832,11236670,11257101,11282720,11306902,11324781,11335109,11339259,11338138,11333483,11327000,11318000,11306000,11291000,11275000,11257000,11237000,11216000,11193000,11169000,11142000,11114000,11084000,11052000,11017000,10981000
Curacao,133860,129047,129205,131897,134192,137658,141239,144056,145880,146833,148703,150831,152088,153822,155909,157980,159664,160175,159800,157538,158000,159000,160000,160000,161000,162000,162000,163000,163000,164000,164000,165000,165000,165000,166000,166000
Cyprus,943290,960276,976964,993563,1010408,1027662,1045507,1063713,1081563,1098083,1112612,1124833,1135046,1143866,1152285,1160985,1170187,1179680,1189265,1198575,1207000,1216000,1223000,1231000,1238000,1245000,1251000,1257000,1263000,1269000,1275000,1280000,1286000,1291000,1296000,1301000
Czech Republic,10255063,10216605,10196916,10193998,10197101,10211216,10238905,10298828,10384603,10443936,10474410,10496088,10510785,10514272,10525347,10546059,10566332,10594438,10629928,10669709,10688000,10702000,10713000,10720000,10723000,10724000,10722000,10717000,10709000,10699000,10686000,10672000,10657000,10641000,10625000,10609000
Denmark,5339616,5358783,5375931,5390574,5404523,5419432,5437272,5461438,5493621,5523095,5547683,5570572,5591572,5614932,5643475,5683483,5728010,5764980,5793636,5818553,5838000,5859000,5880000,5902000,5922000,5943000,5962000,5980000,5997000,6013000,6029000,6045000,6060000,6075000,6090000,6104000
Djibouti,717584,733015,746942,759641,771603,783254,794563,805451,816358,827823,840198,853674,868136,883293,898696,913993,929112,944097,958920,973560,988000,1002000,1016000,1030000,1043000,1056000,1069000,1081000,1093000,1105000,1117000,1128000,1139000,1150000,1160000,1170000
Dominica,69650,69661,69837,70100,70382,70589,70718,70795,70827,70851,70878,70916,70965,71016,71085,71183,71307,71458,71625,71808,72000,72000,72000,73000,73000,73000,73000,73000,73000,73000,73000,73000,73000,73000,73000,73000
Dominican Republic,8471321,8598601,8724975,8850317,8974444,9097257,9218686,9338861,9458075,9576737,9695121,9813210,9930911,10048224,10165178,10281680,10397743,10513131,10627165,10738958,10848000,10954000,11056000,11156000,11252000,11346000,11437000,11525000,11609000,11691000,11770000,11847000,11921000,11992000,12060000,12126000
Early-demographic dividend,2472852818,2516662231,2560101445,2603300732,2646483566,2689792046,2733278833,2776922496,2820636594,2864298836,2907916908,2951429046,2994364055,3037111090,3079708551,3122156905,3164386912,3206361028,3248239444,3290290613,3331962000,3373539000,3414956000,3456045000,3496561000,3536347000,3575317000,3613481000,3650860000,3687506000,3723453000,3758692000,3793180000,3826902000,3859837000,3891987000
East Asia & Pacific,2047640119,2065912076,2083186112,2099602439,2115458616,2131146832,2146744075,2161785573,2177119142,2192059415,2206884624,2221673110,2236819053,2252046977,2267482299,2282855831,2298486142,2314097713,2328138066,2340628292,2352512000,2363748000,2374266000,2384070000,2393166000,2401594000,2409373000,2416528000,2423058000,2428959000,2434224000,2438840000,2442812000,2446148000,2448878000,2451053000
East Asia & Pacific (excluding high income),1816455805,1833423014,1849607538,1865132706,1880248895,1895275474,1909891462,1924018226,1938057249,1952017409,1965954304,1980035609,1994391099,2008921191,2023597462,2038190036,2053103802,2068142784,2081639097,2093675040,2105558000,2116828000,2127426000,2137357000,2146637000,2155296000,2163358000,2170844000,2177756000,2184086000,2189823000,2194954000,2199478000,2203406000,2206764000,2209603000
East Asia & Pacific (IDA & IBRD countries),1793498351,1810261141,1826238744,1841560579,1856486252,1871341375,1885806859,1899800530,1913718210,1927560609,1941377349,1955334267,1969562739,1983964453,1998513398,2012980531,2027771091,2042687863,2056064424,2067984156,2079755000,2090917000,2101411000,2111243000,2120428000,2128997000,2136972000,2144376000,2151212000,2157472000,2163148000,2168225000,2172703000,2176593000,2179920000,2182736000
Ecuador,12681123,12914667,13143465,13369678,13596388,13825847,14059384,14296557,14535739,14774424,15011117,15243883,15474102,15707474,15951838,16212020,16491115,16785361,17084357,17373662,17643000,17888000,18113000,18324000,18531000,18741000,18955000,19172000,19390000,19606000,19819000,20028000,20233000,20436000,20635000,20832000
"Egypt, Arab Rep.",68831561,70152661,71485043,72826097,74172073,75523569,76873663,78232126,79636079,81134798,82761235,84529250,86422240,88404640,90424654,92442547,94447072,96442593,98423595,100388073,102334000,104258000,106157000,108032000,109887000,111728000,113554000,115367000,117176000,118995000,120832000,122689000,124568000,126469000,128393000,130340000
El Salvador,5887936,5927006,5962136,5994077,6023797,6052123,6079399,6105810,6131764,6157686,6183875,6210568,6237923,6266070,6295128,6325124,6356143,6388122,6420744,6453553,6486000,6518000,6550000,6582000,6613000,6643000,6673000,6701000,6729000,6755000,6779000,6800000,6819000,6837000,6853000,6869000
Equatorial Guinea,606181,631666,658384,686664,716949,749535,784496,821687,860840,901599,943639,986853,1031191,1076413,1122276,1168568,1215179,1262001,1308974,1355986,1403000,1450000,1497000,1543000,1590000,1637000,1684000,1732000,1779000,1827000,1874000,1920000,1966000,2013000,2059000,2106000
Eritrea,2292416,2374722,2481058,2600973,2719803,2826659,2918205,2996536,3062779,3119920,3170435,3213972,..,..,..,..,..,..,..,..,..,..,..,..,..,..,..,..,..,..,..,..,..,..,..,..
Estonia,1396985,1388115,1379350,1370720,1362550,1354775,1346810,1340680,1337090,1334515,1331475,1327439,1322696,1317997,1314545,1315407,1315790,1317384,1321977,1326590,1325000,1321000,1316000,1311000,1305000,1299000,1294000,1289000,1284000,1279000,1274000,1268000,1262000,1255000,1248000,1242000
Eswatini,1005435,1013609,1019059,1022802,1026286,1030579,1036092,1042652,1049945,1057467,1064837,1072032,1079288,1086839,1095021,1104044,1113984,1124753,1136191,1148130,1160000,1172000,1185000,1198000,1210000,1224000,1237000,1251000,1265000,1281000,1298000,1317000,1337000,1358000,1380000,1401000
Ethiopia,66224804,68159423,70142091,72170584,74239505,76346311,78489206,80674348,82916235,85233913,87639964,90139927,92726971,95385785,98094253,100835458,103603501,106400024,109224559,112078730,114964000,117876000,120813000,123771000,126751000,129749000,132766000,135797000,138839000,141890000,144944000,148001000,151059000,154117000,157175000,160231000
Euro area,321310791,322547874,324125336,325885964,327682505,329380417,330922789,332645165,334274725,335360890,336151479,335419643,336159194,337302113,338462222,339488380,340481753,341163597,341843156,342597698,342718000,342703000,342582000,342395000,342173000,341953000,341730000,341495000,341241000,340951000,340630000,340273000,339891000,339477000,339035000,338568000
Europe & Central Asia,861278548,862347940,863936840,866215690,868808156,871456632,874157201,877300672,880829122,884469375,887926820,890162706,893788642,898060416,902406816,906707416,910904758,914585461,917922618.5,921140092,923217000,924888000,926135000,927075000,927829000,928517000,929147000,929693000,930157000,930510000,930755000,930909000,930994000,931008000,930955000,930838000
Europe & Central Asia (excluding high income),369143668,369183312,369278345,369597930,370083723,370632537,371318140,372332605,373751805,375674687,377835769,380165082,382509766,385088778,387660810,390295673,392870484,395289709,397435105.5,399404587,401116000,402518000,403625000,404513000,405281000,406004000,406704000,407365000,407996000,408582000,409127000,409639000,410132000,410604000,411053000,411478000
Europe & Central Asia (IDA & IBRD countries),434313570,433863000,433541379,433680225,434022293,434427812,434964326,435646364,436725144,438498958,440420861,442656487,444898523,447368356,449819913,452301305,454717187,456976356,458970243.5,460799505,462316000,463542000,464481000,465202000,465793000,466326000,466817000,467253000,467643000,467974000,468251000,468482000,468684000,468853000,468991000,469097000
European Union,429328624,429895628,430881944,432415939,434040236,435581949,436998049,438468400,439876674,440917800,441532412,440746976,441395932,442469471,443576663,444543759,445487728,446131273,446777673,447512041,447454000,447276000,446993000,446639000,446231000,445805000,445349000,444857000,444322000,443729000,443084000,442387000,441651000,440868000,440046000,439191000
Faroe Islands,46735,46997,47233,47432,47600,47722,47792,47825,47820,47808,47814,47823,47843,47892,47960,48051,48173,48331,48497,48678,49000,49000,49000,49000,50000,50000,50000,50000,50000,51000,51000,51000,51000,52000,52000,52000
Fiji,811006,813925,815257,816076,817860,821604,827870,836190,845361,853637,859818,863449,865069,865608,866453,868627,872399,877459,883483,889953,896000,903000,909000,916000,923000,930000,937000,944000,952000,959000,966000,973000,979000,986000,992000,998000
Finland,5176209,5188008,5200598,5213014,5228172,5246096,5266268,5288720,5313399,5338871,5363352,5388272,5413971,5438972,5461512,5479531,5495303,5508214,5515525,5520314,5528000,5535000,5541000,5546000,5551000,5554000,5555000,5555000,5553000,5550000,5546000,5542000,5538000,5533000,5527000,5522000
Fragile and conflict affected situations,504450718,517162716,530422958,544149583,558207668,572498604,587009010,601759996,616786947,632127588,647810261,663884474,680326998,697006260,713739741,730424930,747004599,763578047,780467640,798138587,816747000,836461000,857158000,878586000,900361000,922210000,944049000,965945000,987921000,1010065000,1032420000,1054978000,1077702000,1100600000,1123689000,1146978000
France,60912500,61357430,61805267,62244886,62704895,63179351,63621381,64016225,64374984,64707040,65027507,65342780,65659809,65998687,66312067,66548272,66724104,66864379,66965912,67059887,67206000,67370000,67542000,67711000,67870000,68016000,68146000,68263000,68367000,68460000,68546000,68624000,68696000,68762000,68823000,68878000
French Polynesia,240686,244931,248972,252703,255992,258780,261010,262721,264061,265254,266455,267698,268998,270328,271705,273124,274575,276103,277679,279287,281000,283000,284000,286000,287000,289000,291000,292000,294000,295000,297000,298000,299000,301000,302000,303000
Gabon,1228360,1258003,1288315,1319953,1353795,1390549,1430152,1472575,1518540,1568928,1624140,1684635,1749682,1817071,1883800,1947686,2007873,2064823,2119275,2172579,2226000,2279000,2332000,2384000,2436000,2488000,2539000,2591000,2642000,2693000,2744000,2796000,2847000,2898000,2950000,3002000
"Gambia, The",1317703,1360074,1404261,1449925,1496527,1543741,1591445,1639848,1689285,1740279,1793196,1848147,1905011,1963711,2024042,2085860,2149139,2213894,2280102,2347706,2417000,2487000,2558000,2631000,2705000,2780000,2856000,2934000,3012000,3091000,3171000,3251000,3333000,3415000,3498000,3582000
Georgia,4077131,4014373,3978515,3951736,3927340,3902469,3880347,3860158,3848449,3814419,3786695,3756441,3728874,3717668,3719414,3725276,3727505,3728004,3726549,3720382,3711000,3700000,3688000,3676000,3663000,3649000,3635000,3620000,3605000,3590000,3574000,3558000,3541000,3524000,3507000,3490000
Germany,82211508,82349925,82488495,82534176,82516260,82469422,82376451,82266372,82110097,81902307,81776930,80274983,80425823,80645605,80982500,81686611,82348669,82657002,82905782,83132799,83191000,83140000,83016000,82859000,82706000,82587000,82500000,82435000,82381000,82325000,82259000,82181000,82091000,81990000,81878000,81756000
Ghana,19278856,19756928,20246381,20750299,21272323,21814642,22379055,22963946,23563825,24170940,24779619,25387710,25996449,26607642,27224472,27849205,28481946,29121471,29767108,30417856,31073000,31732000,32395000,33063000,33734000,34409000,35087000,35769000,36454000,37142000,37833000,38528000,39225000,39925000,40627000,41332000
Gibraltar,31077,31602,32102,32555,32928,33219,33417,33517,33559,33565,33585,33612,33646,33692,33725,33736,33737,33728,33718,33701,34000,34000,34000,34000,34000,34000,34000,34000,34000,34000,34000,34000,34000,34000,34000,34000
Greece,10805808,10862132,10902022,10928070,10955141,10987314,11020362,11048473,11077841,11107017,11121341,11104899,11045011,10965211,10892413,10820883,10775971,10754679,10732882,10716322,10657000,10599000,10542000,10488000,10435000,10383000,10334000,10285000,10238000,10191000,10146000,10101000,10058000,10015000,9973000,9930000
Greenland,56200,56350,56609,56765,56911,56935,56774,56555,56328,56323,56905,56890,56810,56483,56295,56114,56186,56172,56023,56225,..,..,..,..,..,..,..,..,..,..,..,..,..,..,..,..
Grenada,102833,103249,103634,104005,104347,104661,104933,105190,105456,105789,106233,106796,107446,108170,108902,109599,110261,110874,111454,112003,113000,113000,113000,114000,114000,115000,115000,115000,115000,116000,116000,116000,116000,116000,116000,116000
Guam,155329,156401,157176,157717,158101,158402,158648,158847,159036,159226,159444,159692,159996,160407,161016,161853,162951,164281,165768,167294,169000,170000,172000,173000,174000,175000,177000,178000,179000,180000,181000,182000,183000,184000,185000,186000
Guatemala,11589761,11871565,12147518,12415334,12682108,12948292,13213330,13477017,13739299,14000190,14259687,14521515,14781942,15043981,15306316,15567419,15827690,16087418,16346950,16604026,16918000,17233000,17547000,17862000,18175000,18488000,18800000,19110000,19418000,19723000,20027000,20328000,20626000,20921000,21212000,21501000
Guinea,8240730,8417081,8586074,8753093,8925743,9109581,9307425,9518162,9738792,9964469,10192176,10420471,10652029,10892810,11150977,11432088,11738441,12067539,12414318,12771246,13133000,13497000,13866000,14239000,14618000,15004000,15397000,15795000,16199000,16608000,17021000,17439000,17861000,18287000,18716000,19150000
Guinea-Bissau,1201301,1227106,1254453,1283305,1313492,1344930,1377581,1411543,1446936,1483921,1522599,1562989,1604979,1648257,1692439,1737202,1782437,1828146,1874309,1920922,1968000,2015000,2063000,2112000,2160000,2209000,2259000,2309000,2359000,2410000,2461000,2513000,2565000,2618000,2671000,2724000
Guyana,746715,745206,744789,745143,745737,746163,746343,746474,746817,747718,749436,752028,755399,759285,763380,767432,771366,775221,779004,782766,787000,790000,794000,798000,801000,805000,809000,812000,815000,819000,822000,824000,827000,829000,830000,832000
Haiti,8463806,8608819,8754150,8900104,9047077,9195288,9344785,9495328,9646580,9798046,9949322,10100320,10250930,10400673,10549008,10695542,10839970,10982366,11123176,11263077,11403000,11542000,11680000,11818000,11954000,12089000,12221000,12352000,12480000,12607000,12733000,12857000,12980000,13101000,13222000,13341000
Heavily indebted poor countries (HIPC),471680794,485112686,499113575,513601239,528444632,543555326,558909236,574560260,590590368,607115564,624219326,641921311,660193774,679012664,698336451,718128416,738387254,759106221,780234406,801708035,823482000,845519000,867840000,890460000,913428000,936772000,960494000,984575000,1009000000,1033747000,1058784000,1084116000,1109730000,1135609000,1161743000,1188124000
High income,1101479766,1108227432,1115120730,1122162870,1129635679,1137301496,1145660099,1154287212,1163465944,1171805563,1179329058,1184722242,1191504221,1198364438,1205404811,1212252370,1219052243,1225031038,1230515710,1235852838,1239638000,1243302000,1246662000,1249774000,1252702000,1255535000,1258249000,1260842000,1263291000,1265567000,1267676000,1269633000,1271442000,1273090000,1274580000,1275899000
Honduras,6574509,6751912,6929265,7106319,7282953,7458985,7634298,7808518,7980955,8150775,8317470,8480671,8640691,8798521,8955589,9112916,9270795,9429013,9587522,9746117,9905000,10063000,10221000,10379000,10536000,10692000,10847000,11000000,11152000,11302000,11449000,11594000,11737000,11877000,12014000,12148000
"Hong Kong SAR, China",6665000,6714300,6744100,6730800,6783500,6813200,6857100,6916300,6957800,6972800,7024200,7071600,7150100,7178900,7229500,7291300,7336600,7391700,7451000,7507400,7560000,7611000,7661000,7712000,7766000,7824000,7883000,7940000,7993000,8037000,8070000,8094000,8110000,8120000,8126000,8128000
Hungary,10210971,10187576,10158608,10129552,10107146,10087065,10071370,10055780,10038188,10022650,10000023,9971727,9920362,9893082,9866468,9843028,9814023,9787966,9775564,9769949,9741000,9712000,9681000,9649000,9617000,9583000,9549000,9514000,9478000,9440000,9400000,9359000,9316000,9271000,9224000,9177000
Iceland,281205,284968,287523,289521,292074,296734,303782,311566,317414,318499,318041,319014,320716,323764,327386,330815,335439,343400,352721,361313,364000,366000,368000,370000,372000,374000,376000,377000,379000,381000,382000,384000,385000,386000,387000,389000
India,1056575549,1075000085,1093317189,1111523144,1129623456,1147609927,1165486291,1183209472,1200669765,1217726215,1234281170,1250288729,1265782790,1280846129,1295604184,1310152403,1324509589,1338658835,1352617328,1366417754,1380004000,1393409000,1406632000,1419656000,1432456000,1445012000,1457309000,1469339000,1481083000,1492524000,1503642000,1514427000,1524862000,1534914000,1544544000,1553724000
Indonesia,211513823,214427417,217357793,220309469,223285676,226289470,229318262,232374245,235469762,238620563,241834215,245116206,248452413,251806402,255129004,258383256,261554226,264645886,267663435,270625568,273524000,276362000,279135000,281844000,284495000,287090000,289628000,292109000,294533000,296896000,299198000,301439000,303618000,305733000,307783000,309765000
"Iran, Islamic Rep.",65623405,66449112,67284796,68122938,68951281,69762347,70554760,71336475,72120604,72924837,73762519,74634956,75539862,76481943,77465753,78492215,79564016,80673951,81800269,82913906,83993000,85029000,86023000,86976000,87892000,88775000,89623000,90433000,91208000,91951000,92664000,93348000,94005000,94638000,95250000,95844000
Iraq,23497585,24208180,24931919,25644499,26313838,26922284,27448124,27911248,28385746,28973162,29741976,30725300,31890011,33157050,34411951,35572261,36610632,37552781,38433600,39309783,40222000,41179000,42165000,43171000,44182000,45187000,46186000,47183000,48181000,49184000,50194000,51212000,52236000,53267000,54303000,55343000
Ireland,3805174,3866243,3931947,3996521,4070262,4159914,4273591,4398942,4489544,4535375,4560155,4580084,4599533,4623816,4657740,4701957,4755335,4807388,4867316,4941444,4991000,5030000,5063000,5091000,5117000,5143000,5170000,5197000,5224000,5250000,5274000,5298000,5321000,5343000,5366000,5389000
Isle of Man,76941,77703,78318,78884,79520,80305,81285,82408,83508,84376,84857,84886,84533,83976,83488,83234,83287,83598,84077,84584,85000,85000,86000,86000,86000,87000,87000,87000,87000,88000,88000,88000,88000,89000,89000,89000
Israel,6289000,6439000,6570000,6689700,6809000,6930100,7053700,7180100,7308800,7485600,7623600,7765800,7910500,8059500,8215700,8380100,8546000,8713300,8882800,9053300,9197000,9339000,9479000,9619000,9757000,9896000,10034000,10172000,10310000,10448000,10586000,10723000,10861000,10999000,11138000,11277000
Italy,56942108,56974100,57059007,57313203,57685327,57969484,58143979,58438310,58826731,59095365,59277417,59379449,59539717,60233948,60789140,60730582,60627498,60536709,60421760,60297396,60172000,60052000,59930000,59802000,59660000,59503000,59332000,59151000,58963000,58771000,58580000,58391000,58203000,58015000,57828000,57639000
Jamaica,2654701,2674702,2692845,2709437,2725015,2740003,2754407,2768227,2781876,2795837,2810460,2825929,2842132,2858709,2875136,2891021,2906238,2920853,2934855,2948279,2961000,2973000,2985000,2996000,3006000,3015000,3024000,3031000,3038000,3043000,3048000,3052000,3055000,3057000,3058000,3058000
Japan,126843000,127149000,127445000,127718000,127761000,127773000,127854000,128001000,128063000,128047000,128070000,127833000,127629000,127445000,127276000,127141000,126994511,126785797,126529100,126264931,125769000,125259000,124722000,124150000,123541000,122896000,122218000,121512000,120782000,120034000,119276000,118511000,117745000,116979000,116217000,115462000
Jordan,5122493,5217336,5317506,5434030,5580244,5765635,5991540,6255280,6556478,6893260,7261539,7663131,8090872,8520420,8920049,9266575,9551467,9779173,9956011,10101694,10203000,10269000,10301000,10312000,10321000,10340000,10375000,10426000,10492000,10569000,10655000,10751000,10858000,10974000,11096000,11224000
Kazakhstan,14883626,14858335,14858948,14909018,15012985,15147029,15308084,15484192,15674000,16092822,16321872,16557201,16792089,17035550,17288285,17542806,17794055,18037776,18276498.5,18513930,18733000,18949000,19160000,19364000,19561000,19749000,19929000,20104000,20275000,20444000,20613000,20783000,20952000,21123000,21295000,21468000
Kenya,31964557,32848564,33751739,34678779,35635271,36624895,37649033,38705932,39791981,40901792,42030676,43178257,44343410,45519889,46699981,47878336,49051686,50221473,51393010,52573973,53771000,54986000,56215000,57459000,58715000,59981000,61258000,62544000,63839000,65141000,66450000,67763000,69081000,70399000,71715000,73026000
Kiribati,84396,85849,87305,88835,90499,92325,94343,96527,98761,100930,102927,104728,106370,107890,109391,110930,112524,114158,115847,117606,119000,121000,123000,126000,128000,130000,132000,134000,135000,137000,139000,141000,143000,145000,146000,148000
Democratic People's Republic of Korea,22929075,23132980,23339453,23542426,23732731,23904167,24054864,24188331,24310142,24428341,24548836,24673385,24800612,24929452,25057752,25183833,25307744,25429985,25549819,25666161,25779000,25887000,25991000,26090000,26185000,26275000,26362000,26444000,26520000,26590000,26651000,26705000,26751000,26789000,26820000,26843000
Republic of Korea,47008111,47370164,47644736,47892330,48082519,48184561,48438292,48683638,49054708,49307835,49554112,49936638,50199853,50428893,50746659,51014947,51217803,51361911,51606633,51709098,51727000,51737000,51740000,51736000,51724000,51703000,51673000,51635000,51587000,51534000,51473000,51401000,51317000,51217000,51099000,50959000
Kosovo,1700000,1701154,1702310,1703466,1704622,1705780,1719536,1733404,1747383,1761474,1775680,1791000,1807106,1818117,1812771,1788196,1777557,1791003,1797085,1794248,1806000,1818000,1830000,1843000,1856000,1869000,1882000,1894000,1907000,1919000,1930000,1942000,1953000,1963000,1974000,1984000
Kuwait,2045123,2103282,2136997,2161626,2200492,2270198,2373672,2504019,2656009,2821045,2991884,3168060,3348853,3526376,3690941,3835591,3956875,4056099,4137312,4207083,4271000,4329000,4380000,4428000,4473000,4518000,4563000,4609000,4656000,4702000,4747000,4791000,4834000,4876000,4918000,4959000
Kyrgyz Republic,4898400,4945100,4990700,5043300,5104700,5162600,5218400,5268400,5318700,5383300,5447900,5514600,5607200,5719600,5835500,5956900,6079500,6198200,6322800,6456900,6565000,6669000,6768000,6865000,6958000,7051000,7143000,7233000,7322000,7411000,7499000,7586000,7674000,7762000,7850000,7939000
Laos,5323700,5409582,5493246,5576640,5662208,5751676,5846074,5944948,6046620,6148623,6249165,6347567,6444530,6541304,6639756,6741164,6845846,6953035,7061507,7169455,7276000,7379000,7481000,7581000,7678000,7775000,7869000,7961000,8052000,8140000,8226000,8310000,8392000,8472000,8550000,8626000
Late-demographic dividend,2045125923,2059873500,2073757401,2087310557,2100746529,2114307505,2127750972,2140907330,2154245139,2167842734,2180828823,2193830154,2206931627,2220297520,2233867635,2247409050,2261412980,2275534160,2287846155,2298470832,2308543000,2317613000,2325653000,2332758000,2339082000,2344774000,2349876000,2354395000,2358322000,2361608000,2364238000,2366197000,2367521000,2368219000,2368351000,2367966000
Latin America & Caribbean,520903450,528283160,535509360,542599538,549590595,556504290,563337673,570091451,576783744,583430031,589932554,596538552,603096250,609598313,616001190,622301083,628488528,634554056,640467174,646430843,652201000,657977000,663677000,669267000,674726000,680040000,685192000,690191000,695028000,699701000,704206000,708542000,712707000,716701000,720523000,724184000
Latin America & Caribbean (excluding high income),492968023,500087458,507060155,513900749,520642948,527308236,533896504,540405225,546848929,553244958,559496778,565881766,572223264,578500250,584677997,590731803,596647568,602435369,608125444,613773119,619401000,624993000,630545000,636026000,641383000,646595000,651648000,656541000,661269000,665830000,670223000,674438000,678475000,682339000,686034000,689579000
Latin America & the Caribbean (IDA & IBRD countries),504921262,512247471,519420817,526462542,533415168,540306214,547139425,553909968,560624659,567289601,573800630,580428962,587001215,593509457,599937483,606271969,612506457,618641500,624681220,630644772,636529000,642310000,647993000,653564000,659003000,664311000,669473000,674490000,679354000,684062000,688610000,692990000,697204000,701252000,705128000,708846000
Latvia,2367550,2337170,2310173,2287955,2263122,2238799,2218357,2200325,2177322,2141669,2097555,2059709,2034319,2012647,1993782,1977527,1959537,1942248,1927174,1912789,1893000,1875000,1857000,1840000,1824000,1808000,1792000,1777000,1762000,1747000,1732000,1717000,1703000,1689000,1675000,1661000
Least developed countries: UN classification,657215864,673903112,691061397,708587948,726331177,744190510,762132501,780219542,798563392,817322629,836614860,856472234,876869863,897797478,919226401,941131317,963511276,986365080,1009662578,1033388876,1057439000,1081815000,1106523000,1131529000,1156819000,1182377000,1208188000,1234236000,1260514000,1287029000,1313758000,1340705000,1367853000,1395184000,1422688000,1450361000
Lebanon,3842778,3991001,4182205,4388375,4569378,4698763,4759753,4767344,4764741,4813026,4953061,5202343,5538634,5914621,6262410,6532678,6711121,6811873,6848925,6855713,6825000,6769000,6685000,6585000,6485000,6397000,6327000,6274000,6237000,6211000,6195000,6187000,6190000,6202000,6220000,6242000
Lesotho,2032804,2035740,2029829,2018348,2005940,1996114,1989939,1986922,1987129,1990131,1995581,2003787,2014990,2028519,2043437,2059021,2075001,2091412,2108132,2125268,2142000,2159000,2176000,2192000,2210000,2228000,2246000,2266000,2286000,2306000,2325000,2344000,2363000,2382000,2400000,2418000
Liberia,2848456,2953927,3024729,3077058,3135651,3218116,3329211,3461911,3607860,3754133,3891356,4017443,4135659,4248334,4359505,4472230,4586788,4702228,4818977,4937374,5058000,5180000,5305000,5432000,5561000,5692000,5825000,5959000,6095000,6233000,6372000,6512000,6654000,6797000,6941000,7086000
Libya,5357891,5443248,5531089,5620547,5710154,5798614,5886872,5974787,6058748,6133984,6197663,6247439,6285750,6320359,6362037,6418315,6492164,6580724,6678567,6777452,6871000,6959000,7041000,7119000,7194000,7268000,7340000,7410000,7477000,7543000,7606000,7668000,7728000,7785000,7842000,7897000
Liechtenstein,33184,33552,33879,34175,34452,34713,34970,35217,35471,35727,35994,36293,36615,36934,37223,37470,37658,37800,37910,38019,38000,38000,38000,39000,39000,39000,39000,39000,39000,39000,39000,40000,40000,40000,40000,40000
Lithuania,3499536,3470818,3443067,3415213,3377075,3322528,3269909,3231294,3198231,3162916,3097282,3028115,2987773,2957689,2932367,2904910,2868231,2828403,2801543,2786844,2753000,2724000,2699000,2676000,2654000,2633000,2613000,2592000,2572000,2552000,2533000,2513000,2493000,2474000,2454000,2434000
Low & middle income,5012852771,5085444342,5157632243,5229719493,5301915963,5374446871,5447074438,5519916433,5593451949,5667768723,5742542545,5818138003,5894258056,5971273930,6048822070,6126712584,6205233900,6284043441,6361429561,6437681136,6513764000,6589314000,6664239000,6738444000,6811836000,6884374000,6956020000,7026776000,7096650000,7165656000,7233788000,7301020000,7367325000,7432682000,7497099000,7560619000
Low income,401768207,413123461,424933735,437166682,449765047,462679645,475927007,489505419,503324676,517267751,531260028,545266258,559335524,573583598,588174709,603234541,618780841,634796692,651327587,668454965,686091000,704297000,723048000,742220000,761652000,781220000,800879000,820637000,840501000,860509000,880670000,900980000,921415000,941979000,962691000,983551000
Lower middle income,2155781287,2194583752,2233327611,2272093950,2310951151,2349947388,2389129523,2428529757,2468136919,2507929642,2548154994,2588455505,2628465458,2668772179,2709173405,2749824313,2790617792,2831466703,2872397765,2913363391,2954025000,2994562000,3034973000,3075214000,3115245000,3155046000,3194581000,3233836000,3272794000,3311457000,3349810000,3387839000,3425538000,3462856000,3499763000,3536256000
Luxembourg,436300,441525,446175,451630,458095,465158,472637,479993,488650,497783,506953,518347,530946,543360,556319,569604,582014,596336,607950,619896,629000,636000,643000,649000,655000,661000,666000,672000,678000,684000,689000,695000,700000,706000,711000,716000
"Macao SAR, China",427782,437938,448821,460165,471597,482858,493799,504511,515239,526400,538219,550832,564039,577372,590208,602085,612836,622585,631636,640445,649000,658000,667000,677000,685000,694000,702000,710000,718000,725000,732000,739000,745000,751000,757000,763000
Madagascar,15766806,16260932,16765117,17279141,17802997,18336724,18880269,19433530,19996473,20569117,21151640,21743967,22346641,22961253,23589887,24234088,24894380,25570540,26262368,26969307,27691000,28427000,29178000,29943000,30720000,31510000,32311000,33124000,33948000,34781000,35622000,36472000,37329000,38194000,39067000,39949000
Malawi,11148758,11432000,11713664,12000181,12301838,12625952,12973699,13341806,13727890,14128155,14539612,14962112,15396005,15839269,16289540,16745303,17205289,17670260,18143315,18628747,19130000,19648000,20181000,20728000,21288000,21857000,22437000,23027000,23627000,24234000,24849000,25472000,26101000,26736000,27376000,28022000
Malaysia,23194257,23709119,24208391,24698819,25190652,25690611,26201961,26720370,27236006,27735040,28208035,28650955,29068159,29468872,29866559,30270962,30684804,31105028,31528585,31949777,32366000,32776000,33181000,33579000,33969000,34350000,34720000,35080000,35429000,35767000,36095000,36412000,36718000,37012000,37295000,37566000
Maldives,279398,286306,294186,302683,311265,319608,327487,335169,343452,353398,365734,380495,397237,415593,435015,454915,475513,496402,515696,530953,541000,544000,541000,535000,528000,522000,519000,517000,517000,518000,519000,522000,525000,530000,534000,538000
Mali,10946445,11271600,11616887,11982695,12369070,12775516,13203378,13651464,14113577,14581429,15049353,15514591,15979499,16449864,16934220,17438778,17965429,18512394,19077690,19658031,20251000,20856000,21474000,22106000,22753000,23416000,24095000,24789000,25498000,26221000,26957000,27706000,28467000,29239000,30024000,30819000
Malta,390087,393028,395969,398582,401268,403834,405308,406724,409379,412477,414508,416268,420028,425967,434558,445053,455356,467999,484630,502653,504000,505000,506000,507000,508000,509000,510000,510000,510000,509000,509000,508000,507000,506000,505000,503000
Marshall Islands,50753,51422,52370,53456,54476,55258,55767,56051,56174,56250,56366,56531,56717,56938,57179,57439,57735,58058,58413,58791,59000,60000,60000,61000,61000,62000,62000,63000,64000,64000,65000,66000,66000,67000,68000,68000
Mauritania,2630219,2702400,2778099,2857148,2939247,3024194,3111906,3202517,3296238,3393409,3494195,3598648,3706554,3817494,3930896,4046301,4163534,4282574,4403319,4525696,4650000,4775000,4902000,5030000,5160000,5291000,5423000,5557000,5692000,5829000,5967000,6107000,6248000,6391000,6535000,6681000
Mauritius,1186873,1196287,1204621,1213370,1221003,1228254,1233996,1239630,1244121,1247429,1250400,1252404,1255882,1258653,1260934,1262605,1263473,1264613,1265303,1265711,1268000,1270000,1271000,1272000,1272000,1273000,1273000,1273000,1272000,1271000,1270000,1268000,1266000,1264000,1262000,1259000
Mexico,98899845,100298153,101684758,103081020,104514932,106005203,107560153,109170502,110815271,112463887,114092963,115695473,117274155,118827161,120355128,121858258,123333376,124777324,126190788,127575529,128933000,130262000,131563000,132834000,134074000,135284000,136462000,137609000,138725000,139814000,140876000,141912000,142921000,143900000,144845000,145755000
"Micronesia, Fed. Sts.",107402,107173,107030,106901,106625,106129,105371,104444,103543,102975,102911,103450,104506,105926,107446,108895,110215,111459,112640,113815,115000,116000,117000,119000,120000,121000,122000,123000,125000,126000,127000,128000,129000,130000,130000,131000
Middle East & North Africa,315326801,321297208,327362252,333608779,340143481,347029874,354302463,361929136,369823252,377883993,385917886,393944527,401974219,409977872,417932241,425821770,433597628,441255236,448912962,456707404,464510000,472453000,480489000,488529000,496439000,504134000,511575000,518788000,525804000,532666000,539420000,546060000,552587000,559024000,565409000,571760000
Middle East & North Africa (excluding high income),279279634,284249018,289264324,294343628,299502774,304755503,310109412,315573347,321168767,326900984,332777824,338814807,345004009,351299193,357637340,363975550,370276461,376546755,382896715,389457086,396144000,403046000,410109000,417228000,424251000,431078000,437666000,444040000,450235000,456313000,462319000,468252000,474109000,479908000,485678000,491438000
Middle East & North Africa (IDA & IBRD countries),276357481,281251234,286188951,291188659,296266148,301435107,306703078,312078851,317576790,323211885,328991663,334931821,341024011,347222485,353463942,359705458,365909373,372091950,378327628,384771780,391344000,398130000,405078000,412080000,418987000,425698000,432169000,438425000,444503000,450463000,456351000,462166000,467905000,473585000,479236000,484878000
Middle income,4611084564,4672320881,4732698508,4792552811,4852150916,4911767226,4971147431,5030411014,5090127273,5150500972,5211282517,5272871745,5334922532,5397690332,5460647361,5523478043,5586453059,5649246749,5710101974,5769226171,5827673000,5885017000,5941191000,5996224000,6050184000,6103154000,6155141000,6206139000,6256149000,6305147000,6353118000,6400040000,6445910000,6490703000,6534408000,6577068000
Moldova,2923783,2917252,2910504,2902320,2895147,2888111,2880095,2873429,2867964,2864346,2861487,2859833,2859458,2858692,2856950,2834530,2802170,2755158,2706049,2657637,2651000,2643000,2635000,2627000,2618000,2608000,2598000,2587000,2575000,2562000,2548000,2533000,2518000,2501000,2484000,2467000
Monaco,32147,32470,32806,33153,33500,33843,34190,34525,34872,35226,35612,36024,36460,36901,37322,37718,38070,38392,38682,38964,39000,40000,40000,40000,40000,41000,41000,41000,41000,42000,42000,42000,42000,42000,43000,43000
Mongolia,2397418,2419588,2443271,2468762,2496391,2526424,2558856,2593820,2631898,2673796,2719896,2770362,2824699,2881792,2940108,2998439,3056359,3113779,3170208,3225167,3278000,3329000,3378000,3425000,3470000,3514000,3556000,3598000,3638000,3677000,3716000,3754000,3792000,3830000,3867000,3904000
Montenegro,604950,607389,609828,612267,613353,614261,615025,615875,616969,618294,619428,620079,620601,621207,621810,622159,622303,622373,622227,622137,622000,622000,622000,622000,621000,621000,621000,620000,620000,619000,618000,617000,616000,614000,613000,612000
Morocco,28793679,29126330,29454768,29782884,30115214,30455561,30804683,31163673,31536811,31929087,32343389,32781850,33241898,33715693,34192347,34663603,35126296,35581294,36029138,36471769,36911000,37345000,37773000,38194000,38606000,39010000,39404000,39789000,40164000,40530000,40887000,41236000,41576000,41906000,42228000,42541000
Mozambique,17711927,18221888,18764155,19331100,19910552,20493925,21080110,21673316,22276596,22894710,23531574,24187487,24862648,25560725,26286163,27042002,27829942,28649007,29495962,30366036,31255000,32163000,33089000,34035000,35000000,35985000,36989000,38012000,39053000,40111000,41185000,42275000,43381000,44501000,45637000,46786000
Myanmar,46719701,47225120,47702171,48148902,48564484,48949924,49301050,49621475,49929642,50250367,50600818,50990615,51413698,51852451,52280807,52680726,53045226,53382581,53708395,54045420,54410000,54806000,55227000,55664000,56101000,56528000,56943000,57346000,57736000,58114000,58478000,58829000,59164000,59482000,59782000,60065000
Namibia,1794571,1823672,1851523,1879117,1907745,1938320,1971317,2006514,2043394,2081044,2118874,2156701,2194784,2233510,2273430,2314904,2358041,2402603,2448255,2494530,2541000,2587000,2634000,2680000,2727000,2774000,2821000,2868000,2916000,2963000,3011000,3059000,3107000,3155000,3204000,3252000
Nauru,10337,10215,10102,9994,9902,9849,9828,9842,9891,9939,10005,10057,10279,10821,11853,12475,13049,12876,12704,12581,13000,13000,13000,13000,13000,13000,13000,13000,13000,13000,13000,13000,13000,13000,13000,13000
Nepal,23941110,24347106,24725627,25080872,25419344,25744500,26066693,26382581,26666576,26883535,27013212,27041437,26989862,26917906,26906926,27015031,27261131,27627124,28087871,28608710,29137000,29675000,30226000,30770000,31286000,31757000,32175000,32539000,32855000,33136000,33390000,33617000,33817000,33993000,34152000,34300000
Netherlands,15925513,16046180,16148929,16225302,16281779,16319868,16346101,16381696,16445593,16530388,16615394,16693074,16754962,16804432,16865008,16939923,17030314,17131296,17231624,17332850,17368000,17405000,17442000,17477000,17510000,17540000,17566000,17588000,17607000,17622000,17634000,17643000,17650000,17654000,17655000,17654000
New Caledonia,213230,217324,221490,225296,228750,232250,235750,239250,242750,245950,249750,254350,259000,263650,268050,272400,276550,280350,284060,287800,291000,293000,296000,299000,301000,304000,306000,309000,311000,314000,316000,318000,321000,323000,325000,327000
New Zealand,3857700,3880500,3948500,4027200,4087500,4133900,4184600,4223800,4259800,4302600,4350700,4384000,4408100,4442100,4509700,4595700,4693200,4793900,4841000,4917000,4955000,4993000,5030000,5067000,5102000,5137000,5171000,5203000,5235000,5266000,5295000,5324000,5351000,5378000,5403000,5428000
Nicaragua,5069302,5145366,5219328,5292118,5364935,5438690,5513763,5590055,5667432,5745526,5824065,5903039,5982526,6062454,6142733,6223240,6303974,6384855,6465513,6545502,6625000,6702000,6779000,6855000,6931000,7008000,7085000,7163000,7241000,7317000,7392000,7465000,7536000,7605000,7673000,7740000
Niger,11331557,11751365,12189983,12647984,13125916,13624467,14143971,14685399,15250908,15843133,16464025,17114761,17795191,18504255,19240157,20001663,20788838,21602472,22442948,23310715,24207000,25131000,26084000,27066000,28080000,29126000,30204000,31315000,32458000,33636000,34846000,36090000,37367000,38678000,40021000,41396000
Nigeria,122283850,125394046,128596076,131900631,135320422,138865016,142538308,146339977,150269623,154324933,158503197,162805071,167228767,171765769,176404902,181137448,185960289,190873311,195874740,200963599,206140000,211401000,216747000,222182000,227713000,233343000,239073000,244902000,250830000,256855000,262977000,269195000,275508000,281912000,288406000,294986000
North America,312909974,316052361,319048184,321815286,324809693,327824506,331015609,334185120,337406357,340466060,343391679,345960766,348610010,351141670,353803581,356403308,359115352,361592733,363809186,365892703,368051000,370252000,372430000,374585000,376722000,378849000,380964000,383058000,385126000,387169000,389191000,391194000,393167000,395099000,396978000,398799000
North Macedonia,2034819,2042842,2048928,2053426,2057048,2060273,2063131,2065426,2067313,2069039,2070741,2072487,2074278,2076067,2077775,2079328,2080745,2081996,2082958,2083459,2083000,2083000,2081000,2079000,2077000,2074000,2070000,2066000,2062000,2056000,2051000,2044000,2038000,2030000,2023000,2014000
Northern Mariana Islands,57453,58321,58420,57947,57246,56542,55882,55219,54625,54193,53971,54012,54311,54784,55305,55780,56188,56562,56882,57216,58000,58000,58000,59000,59000,59000,60000,60000,60000,61000,61000,61000,62000,62000,62000,62000
Norway,4490967,4513751,4538159,4564855,4591910,4623291,4660677,4709153,4768212,4828726,4889252,4953088,5018573,5079623,5137232,5188607,5234519,5276968,5311916,5347896,5391000,5436000,5482000,5529000,5575000,5620000,5664000,5707000,5749000,5790000,5831000,5871000,5910000,5949000,5988000,6026000
Not classified,..,..,..,..,..,..,..,..,..,..,..,..,..,..,..,..,..,..,..,..,..,..,..,..,..,..,..,..,..,..,..,..,..,..,..,..
OECD members,1196874047,1205753802,1214754899,1223690233,1232647024,1241535834,1250788452,1260210152,1270059584,1279114140,1287527865,1294064030,1302075111,1310419162,1319149967,1327822047,1336645071,1344872020,1352645878,1359963500,1365704000,1370758000,1375199000,1379191000,1382959000,1386703000,1390450000,1394150000,1397773000,1401273000,1404634000,1407870000,1410990000,1413970000,1416774000,1419390000
Oman,2267973,2294962,2334858,2386166,2445517,2511251,2580758,2657158,2750963,2876186,3041434,3251108,3498029,3764805,4027260,4267348,4479219,4665935,4829483,4974986,5107000,5223000,5324000,5412000,5494000,5573000,5651000,5728000,5802000,5872000,5936000,5995000,6049000,6099000,6148000,6197000
Other small states,20917092,21276743,21639132,22018494,22442101,22929109,23486218,24104670,24762406,25417830,26050942,26647962,27227319,27794595,28364410,28948869,29542879,30148800,30760211,31360407,31915000,32443000,32951000,33449000,33938000,34434000,34930000,35430000,35933000,36431000,36927000,37421000,37912000,38398000,38885000,39367000
Pacific island small states,1962452,1984496,2006078,2027846,2050572,2074778,2100869,2128664,2157454,2186314,2214519,2241798,2268708,2296101,2325136,2355672,2388307,2422086,2457367,2493696,2530000,2568000,2605000,2646000,2685000,2723000,2764000,2804000,2844000,2884000,2925000,2967000,3007000,3050000,3089000,3131000
Pakistan,142343578,145978402,149549700,153093373,156664697,160304008,164022627,167808105,171648986,175525609,179424641,183340592,187281475,191262919,195306825,199426964,203627284,207896686,212215030,216565318,220892000,225200000,229489000,233757000,238006000,242234000,246439000,250617000,254764000,258878000,262959000,267003000,271012000,274989000,278938000,282863000
Palau,19105,19386,19637,19809,19867,19781,19540,19158,18704,18285,17955,17745,17640,17606,17626,17665,17725,17808,17907,18008,18000,18000,18000,18000,18000,18000,18000,18000,18000,18000,18000,18000,18000,18000,18000,18000
Panama,3030328,3089648,3149188,3209048,3269356,3330217,3391666,3453675,3516204,3579215,3642687,3706483,3770624,3835437,3901315,3968487,4037078,4106771,4176873,4246439,4315000,4382000,4447000,4511000,4574000,4636000,4696000,4755000,4814000,4871000,4928000,4983000,5038000,5092000,5145000,5197000
Papua New Guinea,5847586,5974629,6098621,6223377,6354245,6494903,6646895,6808514,6976201,7144776,7310507,7472200,7631002,7788379,7946731,8107775,8271760,8438029,8606316,8776109,8947000,9119000,9292000,9466000,9642000,9818000,9995000,10173000,10351000,10530000,10709000,10889000,11069000,11249000,11428000,11607000
Paraguay,5323201,5428444,5531962,5632983,5730549,5824096,5913209,5998427,6081296,6163972,6248020,6333976,6421512,6510276,6599526,6688746,6777872,6867062,6956071,7044636,7133000,7220000,7306000,7391000,7475000,7558000,7639000,7719000,7797000,7874000,7950000,8024000,8097000,8168000,8237000,8304000
Peru,26459944,26799285,27100968,27372226,27624213,27866145,28102056,28333052,28562317,28792655,29027674,29264318,29506788,29773987,30090359,30470734,30926032,31444297,31989256,32510453,32972000,33359000,33684000,33966000,34236000,34517000,34815000,35120000,35429000,35735000,36031000,36317000,36596000,36868000,37132000,37388000
Philippines,77991755,79672873,81365258,83051971,84710542,86326250,87888675,89405482,90901965,92414158,93966780,95570047,97212638,98871552,100513138,102113212,103663927,105173264,106651922,108116615,109581000,111047000,112509000,113964000,115407000,116833000,118241000,119633000,121006000,122361000,123698000,125015000,126312000,127584000,128827000,130040000
Poland,38258629,38248076,38230364,38204570,38182222,38165445,38141267,38120560,38125759,38151603,38042794,38063255,38063164,38040196,38011735,37986412,37970087,37974826,37974750,37970874,37919000,37865000,37806000,37740000,37663000,37576000,37477000,37366000,37242000,37106000,36959000,36802000,36636000,36461000,36279000,36091000
Portugal,10289898,10362722,10419631,10458821,10483861,10503330,10522288,10542964,10558177,10568247,10573100,10557560,10514844,10457295,10401062,10358076,10325452,10300300,10283822,10269417,10237000,10207000,10177000,10147000,10118000,10088000,10058000,10027000,9995000,9963000,9930000,9896000,9862000,9827000,9791000,9755000
Post-demographic dividend,1020504904,1025401800,1030561684,1035711708,1041075168,1046366694,1052054839,1057981931,1064394156,1069878414,1074865103,1077815367,1082327434,1087064112,1091996107,1096860060,1101715022,1105771602,1109441474,1112914457,1115289000,1117443000,1119400000,1121192000,1122865000,1124469000,1125989000,1127410000,1128716000,1129897000,1130967000,1131931000,1132790000,1133539000,1134169000,1134681000
Pre-demographic dividend,550660001,566366102,582828705,599938109,617518671,635451653,653695022,672318833,691447610,711257522,731868772,753326798,775573001,798495530,821931240,845759344,869943914,894512725,919485393,944902749,970795000,997156000,1023976000,1051257000,1079019000,1107264000,1135995000,1165207000,1194888000,1225031000,1255612000,1286630000,1318075000,1349923000,1382153000,1414748000
Puerto Rico,3810605,3818774,3823701,3826095,3826878,3821362,3805214,3782995,3760866,3740410,3721525,3678732,3634488,3593077,3534874,3473232,3406672,3325286,3193354,3193694,3159000,3157000,3177000,3207000,3236000,3254000,3261000,3258000,3248000,3232000,3213000,3192000,3169000,3145000,3121000,3097000
Qatar,592468,615012,640868,681788,753334,865416,1022711,1218434,1436665,1654950,1856327,2035871,2196074,2336574,2459198,2565710,2654374,2724724,2781677,2832067,2881000,2931000,2980000,3029000,3076000,3122000,3165000,3207000,3249000,3288000,3327000,3364000,3400000,3434000,3467000,3497000
Romania,22442971,22131970,21730496,21574326,21451748,21319685,21193760,20882982,20537875,20367487,20246871,20147528,20058035,19983693,19908979,19815616,19702267,19587290,19472545,19356544,19238000,19138000,19051000,18971000,18892000,18810000,18722000,18631000,18537000,18441000,18343000,18243000,18143000,18040000,17936000,17831000
Russian Federation,146596869,145976482,145306497,144648618,144067316,143518814,143049637,142805114,142742366,142785349,142849468,142960908,143201721,143506995,143819666,144096870,144342396,144496740,144477860,144373535,144346000,144270000,144142000,143965000,143750000,143499000,143215000,142896000,142543000,142156000,141738000,141293000,140826000,140343000,139850000,139356000
Rwanda,7933681,8231156,8427060,8557161,8680524,8840215,9043337,9273757,9524534,9782770,10039338,10293331,10549678,10811543,11083635,11369071,11668818,11980937,12301939,12626950,12952000,13277000,13600000,13925000,14250000,14577000,14906000,15236000,15568000,15900000,16234000,16570000,16906000,17243000,17582000,17922000
Samoa,174454,175392,176407,177484,178590,179727,180876,182046,183263,184556,185949,187469,189088,190717,192221,193513,194535,195352,196130,197097,198000,200000,202000,205000,207000,209000,212000,214000,216000,218000,220000,223000,225000,227000,230000,232000
San Marino,27462,27812,28175,28562,28940,29324,29700,30063,30434,30816,31229,31661,32105,32553,32948,33272,33504,33671,33785,33860,34000,34000,34000,34000,34000,34000,34000,34000,34000,34000,34000,34000,34000,34000,34000,34000
Sao Tome and Principe,142262,144755,147447,150415,153737,157472,161681,166300,171120,175876,180371,184524,188404,192087,195727,199432,203227,207089,211028,215056,219000,223000,228000,232000,237000,242000,247000,252000,257000,263000,268000,274000,280000,285000,291000,297000
Saudi Arabia,20663843,21202642,21805313,22456649,23132682,23816183,24498310,25184597,25888541,26630303,27421461,28267685,29155187,30052518,30916994,31717667,32442572,33099147,33699947,34268528,34814000,35341000,35845000,36329000,36797000,37249000,37688000,38115000,38531000,38933000,39322000,39699000,40063000,40415000,40752000,41073000
Senegal,9797734,10036104,10283699,10541467,10810083,11090116,11382268,11687080,12004701,12335084,12678148,13033809,13401991,13782420,14174731,14578459,14993528,15419381,15854360,16296364,16744000,17196000,17654000,18117000,18586000,19062000,19546000,20036000,20534000,21039000,21551000,22072000,22599000,23134000,23677000,24228000
Serbia,7516346,7503433,7496522,7480591,7463157,7440769,7411569,7381579,7350222,7320807,7291436,7234099,7199077,7164132,7130576,7095383,7058322,7020858,6982604,6944975,6911000,6876000,6837000,6797000,6756000,6715000,6673000,6630000,6587000,6542000,6496000,6448000,6399000,6350000,6300000,6249000
Seychelles,81131,81202,83723,82781,82475,82858,84600,85033,86956,87298,89770,87441,88303,89949,91359,93419,94677,95843,96762,97625,98000,99000,99000,100000,100000,101000,101000,101000,102000,102000,102000,103000,103000,103000,104000,104000
Sierra Leone,4584571,4754072,4965766,5201070,5433991,5645624,5829237,5989633,6133603,6272734,6415634,6563240,6712581,6863980,7017144,7171914,7328838,7488431,7650154,7813215,7977000,8141000,8306000,8472000,8639000,8806000,8974000,9142000,9310000,9479000,9649000,9818000,9988000,10158000,10328000,10498000
Singapore,4027887,4138012,4175950,4114826,4166664,4265762,4401365,4588599,4839396,4987573,5076732,5183688,5312437,5399162,5469724,5535002,5607283,5612253,5638676,5703569,5751000,5797000,5843000,5888000,5932000,5974000,6014000,6053000,6089000,6122000,6153000,6181000,6205000,6225000,6243000,6257000
Sint Maarten (Dutch part),30519,30600,30777,31472,32488,33011,33441,33811,33964,34238,34056,33435,34640,36607,37685,38825,39969,40574,40654,40733,..,..,..,..,..,..,..,..,..,..,..,..,..,..,..,..
Slovak Republic,5388720,5378867,5376912,5373374,5372280,5372807,5373054,5374622,5379233,5386406,5391428,5398384,5407579,5413393,5418649,5423801,5430798,5439232,5446771,5454073,5455000,5456000,5454000,5452000,5448000,5442000,5435000,5427000,5417000,5405000,5391000,5375000,5359000,5340000,5320000,5299000
Slovenia,1988925,1992060,1994530,1995733,1997012,2000474,2006868,2018122,2021316,2039669,2048583,2052843,2057159,2059953,2061980,2063531,2065042,2066388,2073894,2087946,2088000,2087000,2085000,2083000,2081000,2078000,2075000,2072000,2069000,2064000,2060000,2055000,2050000,2044000,2038000,2032000
Small states,29393033,29820333,30250171,30697310,31189626,31746596,32375201,33066718,33798830,34529598,35238657,35912140,36568688,37214029,37862988,38526747,39200571,39885872,40576536,41255486,41888000,42492000,43076000,43650000,44212000,44779000,45345000,45913000,46480000,47043000,47603000,48157000,48706000,49251000,49791000,50326000
Solomon Islands,412660,423944,435432,447017,458539,469918,481078,492132,503360,515181,527861,541521,556064,571335,587079,603118,619437,636038,652858,669823,687000,704000,721000,738000,756000,773000,791000,809000,827000,846000,865000,884000,903000,923000,942000,963000
Somalia,8872254,9186725,9501342,9815412,10130243,10446863,10763905,11080121,11397188,11717692,12043883,12376302,12715510,13063706,13423576,13797201,14185613,14589119,15008154,15442905,15893000,16360000,16842000,17339000,17851000,18377000,18915000,19466000,20029000,20605000,21191000,21788000,22396000,23014000,23641000,24277000
South Africa,44967708,45571274,46150913,46719196,47291610,47880601,48489459,49119759,49779471,50477011,51216964,52004172,52834005,53689236,54545991,55386367,56203654,57000451,57779622,58558270,59309000,60042000,60756000,61453000,62134000,62803000,63458000,64101000,64731000,65349000,65956000,66552000,67136000,67709000,68270000,68819000
South Asia,1390946064,1416822959,1442644058,1468324422,1493757846,1518861552,1543610696,1568003159,1592010819,1615610198,1638792934,1661534412,1683747130,1705772050,1727640967,1749417068,1771167194,1792835608,1814388744,1835776742,1856861000,1877733000,1898387000,1918774000,1938842000,1958547000,1977859000,1996767000,2015255000,2033321000,2050953000,2068135000,2084852000,2101073000,2116765000,2131905000
South Asia (IDA & IBRD),1390946064,1416822959,1442644058,1468324422,1493757846,1518861552,1543610696,1568003159,1592010819,1615610198,1638792934,1661534412,1683747130,1705772050,1727640967,1749417068,1771167194,1792835608,1814388744,1835776742,1856861000,1877733000,1898387000,1918774000,1938842000,1958547000,1977859000,1996767000,2015255000,2033321000,2050953000,2068135000,2084852000,2101073000,2116765000,2131905000
South Sudan,6199394,6447793,6688226,6935676,7213351,7535932,7907406,8315139,8736939,9142259,9508364,9830698,10113647,10355036,10554883,10715658,10832512,10910759,10975920,11062113,11194000,11381000,11619000,11891000,12176000,12458000,12733000,13006000,13278000,13555000,13839000,14130000,14425000,14724000,15026000,15328000
Spain,40567864,40850412,41431558,42187645,42921895,43653155,44397319,45226803,45954106,46362946,46576897,46742697,46773055,46620045,46480882,46444832,46484062,46593236,46797754,47076781,47077000,47051000,47007000,46948000,46881000,46811000,46739000,46662000,46581000,46494000,46402000,46304000,46202000,46097000,45989000,45878000
Sri Lanka,18777601,18911730,19062482,19224037,19387153,19544988,19695972,19842044,19983984,20123508,20261737,20398670,20425000,20585000,20778000,20970000,21203000,21444000,21670000,21803000,21898000,21987000,22071000,22147000,22217000,22280000,22336000,22387000,22432000,22474000,22512000,22547000,22579000,22608000,22632000,22652000
St. Kitts and Nevis,44083,44602,45168,45749,46323,46852,47333,47769,48178,48599,49011,49442,49881,50328,50776,51204,51629,52036,52438,52834,53000,54000,54000,54000,54000,55000,55000,55000,55000,56000,56000,56000,56000,56000,56000,56000
St. Lucia,156729,158179,159392,160530,161816,163417,165381,167639,170011,172221,174085,175544,176646,177513,178296,179126,180024,180955,181889,182790,184000,184000,185000,186000,186000,187000,187000,188000,188000,188000,189000,189000,189000,189000,189000,189000
St. Martin (French part),28935,29853,30910,32053,33186,34248,35237,36137,36885,37377,37582,37446,37009,36453,36015,35858,36065,36560,37264,38002,..,..,..,..,..,..,..,..,..,..,..,..,..,..,..,..
St. Vincent and the Grenadines,107784,107896,108097,108326,108512,108614,108603,108518,108393,108287,108255,108316,108435,108622,108861,109148,109459,109827,110210,110589,111000,111000,112000,112000,112000,112000,112000,113000,113000,113000,113000,113000,113000,113000,113000,113000
Sub-Saharan Africa,665327581,682956070,701066167,719716209,738983255,758924681,779566820,800908534,822945457,845655214,869025106,893046172,917726973,943041070,968959787,995458478,1022526541,1050153672,1078306520,1106957898,1136050000,1165565000,1195517000,1225918000,1256814000,1288228000,1320159000,1352593000,1385513000,1418897000,1452715000,1486973000,1521648000,1556719000,1592171000,1627979000
Sub-Saharan Africa (excluding high income),664059577,681678581,699777823,718420058,737679777,757613569,778248224,799583871,821614380,844320487,867684936,891706327,916382788,941692468,967607494,994102454,1021168391,1048793216,1076944455,1105594562,1134684000,1164196000,1194147000,1224546000,1255442000,1286854000,1318785000,1351219000,1384139000,1417524000,1451343000,1485602000,1520279000,1555352000,1590805000,1626616000
Sub-Saharan Africa (IDA & IBRD countries),665327581,682956070,701066167,719716209,738983255,758924681,779566820,800908534,822945457,845655214,869025106,893046172,917726973,943041070,968959787,995458478,1022526541,1050153672,1078306520,1106957898,1136050000,1165565000,1195517000,1225918000,1256814000,1288228000,1320159000,1352593000,1385513000,1418897000,1452715000,1486973000,1521648000,1556719000,1592171000,1627979000
Sudan,27275015,27971082,28704778,29460519,30214193,30949516,31661823,32360621,33060837,33783788,34545013,35349681,36193783,37072550,37977655,38902950,39847440,40813396,41801533,42813238,43849000,44909000,45992000,47095000,48216000,49353000,50505000,51671000,52851000,54046000,55254000,56475000,57708000,58953000,60208000,61473000
Suriname,470944,476574,482228,487938,493680,499461,505292,511181,517122,523113,529126,535177,541247,547295,553278,559136,564883,570501,575987,581363,587000,592000,597000,602000,607000,611000,616000,620000,624000,628000,632000,636000,640000,643000,647000,650000
Sweden,8872109,8895960,8924958,8958229,8993531,9029572,9080505,9148092,9219637,9298515,9378126,9449213,9519374,9600379,9696110,9799186,9923085,10057698,10175214,10285453,10346000,10405000,10462000,10517000,10570000,10620000,10668000,10714000,10757000,10797000,10835000,10872000,10908000,10944000,10979000,11014000
Switzerland,7184250,7229854,7284753,7339001,7389625,7437115,7483934,7551117,7647675,7743831,7824909,7912398,7996861,8089346,8188649,8282396,8373338,8451840,8514329,8574832,8633000,8689000,8744000,8798000,8850000,8901000,8951000,8999000,9045000,9089000,9131000,9172000,9210000,9248000,9284000,9318000
Syrian Arab Republic,16410848,16766561,17084632,17415214,17827825,18361176,19059258,19878254,20664038,21205873,21362529,21082966,20442541,19584274,18715672,17997408,17453933,17068002,16906283,17070135,17501000,18276000,19365000,20638000,21915000,23062000,24033000,24851000,25537000,26134000,26677000,27160000,27572000,27930000,28260000,28580000
Tajikistan,6216341,6318513,6426867,6541547,6662389,6789321,6922587,7062672,7209930,7364753,7527394,7697510,7874835,8059769,8252833,8454028,8663579,8880268,9100837,9321018,9538000,9750000,9957000,10162000,10363000,10563000,10761000,10958000,11155000,11354000,11557000,11765000,11977000,12193000,12415000,12643000
United Republic of Tanzania,33499180,34385856,35334788,36337782,37379767,38450320,39548663,40681414,41853944,43073834,44346525,45673338,47052481,48482266,49959822,51482633,53050790,54663906,56318348,58005463,59734000,61498000,63299000,65136000,67014000,68934000,70896000,72900000,74946000,77034000,79163000,81334000,83546000,85798000,88088000,90416000
Thailand,62952642,63539196,64069087,64549866,64995299,65416189,65812536,66182067,66530984,66866839,67195028,67518382,67835957,68144501,68438730,68714511,68971331,69209858,69428524,69625582,69800000,69951000,70078000,70183000,70266000,70329000,70372000,70394000,70397000,70380000,70346000,70292000,70221000,70132000,70024000,69899000
Timor-Leste,884366,901214,922694,947108,971893,995135,1016432,1036392,1055431,1074277,1093523,1113151,1132994,1153295,1174331,1196302,1219288,1243261,1267972,1293119,1318000,1344000,1369000,1395000,1421000,1447000,1472000,1498000,1523000,1549000,1574000,1599000,1624000,1648000,1672000,1696000
Togo,4924402,5062567,5197031,5330639,5467766,5611640,5762880,5920359,6083420,6250835,6421679,6595943,6773807,6954721,7137997,7323158,7509952,7698475,7889094,8082366,8279000,8478000,8681000,8887000,9096000,9308000,9524000,9744000,9967000,10193000,10422000,10654000,10889000,11126000,11367000,11609000
Tonga,97973,98487,99022,99589,100218,100905,101706,102581,103379,103890,103986,103562,102737,101768,101028,100781,101133,101998,103197,104494,106000,107000,108000,109000,110000,111000,112000,113000,114000,115000,116000,117000,118000,119000,120000,121000
Trinidad and Tobago,1267153,1271632,1277213,1283559,1290123,1296502,1302561,1308451,1314443,1320930,1328147,1336178,1344817,1353700,1362342,1370328,1377564,1384072,1389858,1394973,1399000,1403000,1407000,1409000,1411000,1413000,1414000,1414000,1414000,1414000,1413000,1412000,1411000,1410000,1408000,1406000
Tunisia,9708350,9793903,9871251,9945277,10022277,10106771,10201214,10304726,10414433,10525694,10635244,10741880,10847002,10952951,11063201,11179949,11303946,11433443,11565204,11694719,11819000,11936000,12047000,12152000,12251000,12347000,12438000,12523000,12605000,12682000,12756000,12826000,12893000,12957000,13018000,13078000
Turkey,63240194,64192243,65145367,66089402,67010930,67903469,68756810,69581848,70418604,71321399,72326988,73443863,74653016,75928564,77231907,78529409,79821724,81101892,82319724,83429615,84339000,85043000,85562000,85957000,86316000,86705000,87142000,87613000,88115000,88633000,89158000,89693000,90242000,90797000,91341000,91864000
Turkmenistan,4516133,4564083,4610005,4655743,4703401,4754646,4810109,4870141,4935767,5007954,5087213,5174085,5267900,5366375,5466328,5565287,5662372,5757669,5850908,5942089,6031000,6118000,6202000,6283000,6362000,6438000,6511000,6581000,6650000,6717000,6782000,6847000,6911000,6974000,7037000,7099000
Turks and Caicos Islands,20164,21573,23232,25011,26700,28180,29391,30385,31202,31934,32660,33377,34066,34731,35369,35981,36559,37115,37665,38191,39000,39000,40000,40000,41000,41000,42000,42000,43000,43000,44000,44000,45000,45000,45000,46000
Tuvalu,9394,9484,9596,9726,9869,10000,10120,10221,10314,10424,10530,10633,10739,10857,10972,11099,11225,11370,11508,11646,12000,12000,12000,12000,12000,12000,13000,13000,13000,13000,13000,13000,13000,14000,14000,14000
Uganda,23650172,24388968,25167257,25980552,26821297,27684585,28571475,29486338,30431736,31411096,32428167,33476919,34559168,35695246,36912148,38225453,39647506,41162465,42723139,44269594,45741000,47124000,48433000,49701000,50976000,52294000,53664000,55072000,56513000,57972000,59438000,60911000,62394000,63886000,65384000,66889000
Ukraine,49176500,48662400,48202470,47812949,47451626,47105171,46787786,46509355,46258189,46053331,45870741,45706086,45593342,45489648,45272156,45154036,45004674,44831135,44622518,44385155,44118000,43840000,43558000,43272000,42985000,42698000,42410000,42121000,41830000,41536000,41240000,40941000,40640000,40338000,40036000,39735000
United Arab Emirates,3134062,3302719,3478777,3711932,4068570,4588225,5300174,6168838,7089487,7917372,8549988,8946777,9141596,9197910,9214175,9262900,9360980,9487203,9630959,9770529,9890000,9991000,10082000,10165000,10245000,10324000,10403000,10481000,10554000,10615000,10661000,10690000,10704000,10706000,10703000,10697000
United Kingdom,58892514,59119673,59370479,59647577,59987905,60401206,60846820,61322463,61806995,62276270,62766365,63258810,63700215,64128273,64602298,65116219,65611593,66058859,66460344,66834405,67156000,67447000,67714000,67962000,68202000,68439000,68674000,68902000,69123000,69335000,69538000,69734000,69926000,70113000,70298000,70479000
United States,282162411,284968955,287625193,290107933,292805298,295516599,298379912,301231207,304093966,306771529,309321666,311556874,313830990,315993715,318301008,320635163,322941311,324985539,326687501,328239523,330139000,332021000,333884000,335727000,337556000,339378000,341192000,342990000,344768000,346526000,348269000,349997000,351702000,353372000,354997000,356571000
Upper middle income,2455303277,2477737129,2499370897,2520458861,2541199765,2561819838,2582017908,2601881257,2621990354,2642571330,2663127523,2684416240,2706457074,2728918153,2751473956,2773653730,2795835267,2817780046,2837704209,2855862780,2873648000,2890455000,2906218000,2921010000,2934939000,2948108000,2960560000,2972303000,2983355000,2993690000,3003308000,3012201000,3020372000,3027847000,3034645000,3040812000
Uruguay,3319736,3325473,3326040,3323668,3321476,3321803,3325401,3331749,3340221,3349676,3359275,3368934,3378974,3389439,3400434,3412009,3424132,3436646,3449299,3461734,3474000,3485000,3496000,3506000,3516000,3526000,3535000,3545000,3553000,3562000,3569000,3577000,3584000,3591000,3597000,3603000
Uzbekistan,24650400,24964450,25271850,25567650,25864350,26167000,26488250,26868000,27302800,27767400,28562400,29339400,29774500,30243200,30757700,31298900,31847900,32388600,32956100,33580650,34074000,34547000,35000000,35434000,35851000,36255000,36646000,37025000,37394000,37755000,38109000,38457000,38800000,39140000,39475000,39807000
Vanuatu,184972,189219,193920,198959,204127,209282,214370,219472,224704,230247,236211,242653,249499,256635,263888,271130,278330,285510,292680,299882,307000,314000,322000,329000,337000,344000,352000,360000,367000,375000,383000,391000,400000,408000,416000,425000
"Venezuela, RB",24192446,24646472,25100408,25551624,25996594,26432447,26850194,27247610,27635832,28031009,28439940,28888369,29362449,29783571,30045134,30081829,29846179,29390409,28870195,28515829,28436000,28705000,29267000,30017000,30794000,31481000,32049000,32528000,32932000,33290000,33626000,33936000,34208000,34450000,34672000,34884000
Vietnam,79910412,80742499,81534407,82301656,83062821,83832661,84617540,85419591,86243413,87092252,87967651,88871561,89802487,90753472,91714595,92677076,93638724,94596642,95540395,96462106,97339000,98169000,98954000,99699000,100414000,101107000,101779000,102426000,103043000,103624000,104164000,104660000,105118000,105539000,105930000,106296000
Virgin Islands (U.S.),108642,108549,108510,108506,108467,108454,108371,108339,108399,108405,108358,108292,108191,108044,107884,107710,107510,107268,106977,106631,106000,106000,106000,106000,105000,105000,104000,104000,103000,103000,102000,102000,101000,100000,100000,99000
West Bank and Gaza,2922153,2997784,3075373,3154969,3236626,3320396,3406334,3494496,3591977,3689099,3786161,3882986,3979998,4076708,4173398,4270092,4367088,4454805,4569087,4685306,4800000,4916000,5031000,5148000,5264000,5380000,5497000,5615000,5732000,5850000,5968000,6086000,6204000,6323000,6442000,6560000
World,6114332537,6193671774,6272752973,6351882363,6431551642,6511748367,6592734537,6674203645,6756917893,6839574286,6921871603,7002860245,7085762277,7169638368,7254226881,7338964954,7424286143,7509074479,7591945271,7673533974,7753402000,7832616000,7910901000,7988218000,8064538000,8139909000,8214269000,8287618000,8359941000,8431223000,8501464000,8570653000,8638767000,8705772000,8771679000,8836518000
"Yemen, Rep.",17409072,17918373,18443691,18985000,19540098,20107409,20687646,21282515,21892146,22516460,23154855,23807588,24473178,25147109,25823485,26497889,27168210,27834821,28498687,29161922,29826000,30491000,31155000,31818000,32480000,33140000,33798000,34454000,35107000,35758000,36407000,37053000,37696000,38336000,38972000,39603000
Zambia,10415944,10692193,10971698,11256743,11550642,11856247,12173514,12502958,12848530,13215139,13605984,14023193,14465121,14926504,15399753,15879361,16363507,16853688,17351822,17861030,18384000,18921000,19470000,20033000,20608000,21197000,21798000,22412000,23039000,23677000,24326000,24985000,25655000,26335000,27024000,27722000
Zimbabwe,11881477,11923914,11954290,11982224,12019912,12076699,12155491,12255922,12379549,12526968,12697723,12894316,13115131,13350356,13586681,13814629,14030390,14236745,14439018,14645468,14863000,15092000,15331000,15581000,15841000,16110000,16390000,16680000,16979000,17285000,17596000,17912000,18233000,18557000,18883000,19212000
,,,,,,,,,,,,,,,,,,,,,,,,,,,,,,,,,,,,
,,,,,,,,,,,,,,,,,,,,,,,,,,,,,,,,,,,,
,,,,,,,,,,,,,,,,,,,,,,,,,,,,,,,,,,,,
Data from database: Population estimates and projections,,,,,,,,,,,,,,,,,,,,,,,,,,,,,,,,,,,,
Last Updated: 12/18/2020,,,,,,,,,,,,,,,,,,,,,,,,,,,,,,,,,,,,
